<?xml version='1.0' encoding='utf-8'?>
<root>
	<entry id='localization'>
		<entry id='available'>
			<array>
				<value>en</value>
			</array>
		</entry>
		<entry id='en'>
			<dictionary>
				<key>LOGIN_DESC</key>
				<value>This app requires membership key.</value>
				
				<key>LOGIN_FAIL_TITLE</key>
				<value>Failed to log in!</value>
				<key>LOGIN_FAIL_TEXT</key>
				<value>Membership key is invalid!</value>
				
				<key>LOGIN_OK_TITLE</key>
				<value>Logged in successfully!</value>
				<key>LOGIN_OK_TEXT</key>
				<value>Membership key is valid!</value>
				
				<key>WEB_FAIL_TITLE</key>
				<value>No internet connection!</value>
				<key>WEB_FAIL_TEXT</key>
				<value>Connection is required for proceeding!</value>
				
				<key>MAIN_HOME</key>
				<value>HOME</value>
				<key>MAIN_ME</key>
				<value>ME</value>
				
				<key>H_HOME_WELCOME_TITLE</key>
				<value>Welcome to MCA Beta 2!</value>
				<key>H_HOME_WELCOME_TEXT</key>
				<value>MCA is powerful music learning tool designed for you!</value>
				
				<key>H_SIDEBAR_HOMEBTN</key>
				<value>HOME</value>
				<key>H_SIDEBAR_TESTSBTN</key>
				<value>TESTS</value>
				<key>H_SIDEBAR_MATERIALSBTN</key>
				<value>MATERIALS</value>
				<key>H_SIDEBAR_TOOLSBTN</key>
				<value>TOOLS</value>
				<key>H_SIDEBAR_ABOUTBTN</key>
				<value>ABOUT MCA</value>
				
				<key>HOME_UPDATE_AVAILABLE</key>
				<value>Please update your client to the latest version!</value>
				
				<key>TESTSP_COMPLETE</key>
				<value>COMPLETED</value>
				<key>TESTSP_INCOMPLETE</key>
				<value>NOT COMPLETED</value>
				<key>TESTSP_PROCEED</key>
				<value>Complete</value>	
				
				<key>TESTS_SAVE_ANSWER</key>
				<value>Save Answer</value>	
				<key>TESTS_CORRECT_ANSWER</key>
				<value>Correct!</value>	
				<key>TESTS_CORRECT_ANSWER_WAS</key>
				<value>Correct was: </value>	
				<key>TESTS_WRONG_ANSWER</key>
				<value>Incorrect!</value>	
				<key>TESTS_OK</key>
				<value>Incorrect!</value>	
				<key>TESTS_COMPLETED_TITLE</key>
				<value>TEST COMPLETED!</value>	
				<key>TESTS_COMPLETED_SCORE</key>
				<value>Your score: </value>
				<key>TESTS_QUESTION_TITLE</key>
				<value>Question: </value>
				<key>TESTS_QUESTION_BEGIN</key>
				<value>Begin!</value>
				
				<key>M_PROGRESSMGMT_TITLE</key>
				<value>You can save and restore your test scores.</value>
				<key>M_PROGRESS_SAVE</key>
				<value>Save...</value>
				<key>M_PROGRESS_RESTORE</key>
				<value>Restore...</value>
				
				<key>M_UPDATE_AVAILABLE</key>
				<value>Update available!</value>
				<key>M_UPTODATE</key>
				<value>Your version is the latest.</value>
				<key>M_UPDATE_DOWNLOADBTN</key>
				<value>Download &amp; Install</value>

				
			</dictionary>
		</entry>
		<entry id='ua'>
			<dictionary>
				<key>LOGIN_DESC</key>
				<value>Для цієї програми потрібен ключ членства.</value>
				
				<key>LOGIN_FAIL_TITLE</key>
				<value>Не вдалося увійти!</value>
				<key>LOGIN_FAIL_TEXT</key>
				<value>Ключ членства недійсний!</value>
				
				<key>LOGIN_OK_TITLE</key>
				<value>Вхід успішний!</value>
				<key>LOGIN_OK_TEXT</key>
				<value>Ключ членства дійсний!</value>
				
				<key>WEB_FAIL_TITLE</key>
				<value>Немає підключення до Інтернету!</value>
				<key>WEB_FAIL_TEXT</key>
				<value>Для продовження потрібне підключення!</value>
				
				<key>MAIN_HOME</key>
				<value>ГОЛОВНА</value>
				<key>MAIN_ME</key>
				<value>Я</value>
				
				<key>H_HOME_WELCOME_TITLE</key>
				<value>Ласкаво просимо до MCA Beta 2!</value>
				<key>H_HOME_WELCOME_TEXT</key>
				<value>MCA — це потужний інструмент для навчання музиці, розроблений спеціально\nдля вас!</value>
				
				<key>H_SIDEBAR_HOMEBTN</key>
				<value>ГОЛОВНА</value>
				<key>H_SIDEBAR_TESTSBTN</key>
				<value>ТЕСТИ</value>
				<key>H_SIDEBAR_MATERIALSBTN</key>
				<value>МАТЕРІАЛИ</value>
				<key>H_SIDEBAR_TOOLSBTN</key>
				<value>ІНСТРУМЕНТИ</value>
				<key>H_SIDEBAR_ABOUTBTN</key>
				<value>ПРО MCA</value>
				
				<key>HOME_UPDATE_AVAILABLE</key>
				<value>Оновіть клієнт до останньої версії!</value>
				
				<key>TESTSP_COMPLETE</key>
				<value>ЗАВЕРШЕНО</value>
				<key>TESTSP_INCOMPLETE</key>
				<value>НЕ ЗАВЕРШЕНО</value>
				<key>TESTSP_PROCEED</key>
				<value>Пройти</value>	
				
				<key>TESTS_SAVE_ANSWER</key>
				<value>Зберегти відповідь</value>	
				<key>TESTS_CORRECT_ANSWER</key>
				<value>Правильно!</value>	
				<key>TESTS_CORRECT_ANSWER_WAS</key>
				<value>Правильна відповідь: </value>	
				<key>TESTS_WRONG_ANSWER</key>
				<value>Невірно!</value>	
				<key>TESTS_OK</key>
				<value>Невірно!</value>	
				<key>TESTS_COMPLETED_TITLE</key>
				<value>ТЕСТ ЗАВЕРШЕНО!</value>	
				<key>TESTS_COMPLETED_SCORE</key>
				<value>Ваша оцінка: </value>
				<key>TESTS_QUESTION_TITLE</key>
				<value>Питання: </value>
				<key>TESTS_QUESTION_BEGIN</key>
				<value>Почати!</value>
				
				<key>M_PROGRESSMGMT_TITLE</key>
				<value>Ви можете зберігати та відновлювати\nсвої результати.</value>
				<key>M_PROGRESS_SAVE</key>
				<value>Зберегти...</value>
				<key>M_PROGRESS_RESTORE</key>
				<value>Відновити...</value>
				
				<key>M_UPDATE_AVAILABLE</key>
				<value>Доступне оновлення!</value>
				<key>M_UPTODATE</key>
				<value>Ваша версія актуальна.</value>
				<key>M_UPDATE_DOWNLOADBTN</key>
				<value>Оновити</value>
			</dictionary>
		</entry>
	</entry>
</root>